Workbook

Sheet Pricing
A1: Competitor Pricing & Offerings
A2: FICTIONAL sample data for illustration only. Blue = typed inputs, black = formulas.
A4: Competitor | B4: Program fee (PKR) | C4: Certificate fee (PKR) | D4: Total cost (PKR) | E4: LOR | F4: Stipend | G4: Domains | H4: Duration (weeks) | I4: Tasks | J4: Live sessions
A5: SkillBridge Interns | B5: 0 | C5: 1500 | D5: =B5+C5 -> 1500 | E5: Yes | F5: No | G5: 8 | H5: 4 | I5: 5 | J5: No
A6: CodeNest Virtual | B6: 3000 | C6: 0 | D6: =B6+C6 -> 3000 | E6: Yes | F6: No | G6: 6 | H6: 6 | I6: 8 | J6: Yes
A7: TechPulse Academy | B7: 5500 | C7: 0 | D7: =B7+C7 -> 5500 | E7: Yes | F7: Yes (top performers) | G7: 10 | H7: 8 | I7: 10 | J7: Yes
A9: Total cost = program fee + certificate fee.

Sheet Engagement
A1: Competitor Engagement
A2: FICTIONAL sample data for illustration only. Blue = typed inputs, black = formulas.
A4: Competitor | B4: LinkedIn followers | C4: Instagram followers | D4: Total followers | E4: Avg. posts/week | F4: Rating (out of 5) | G4: Reviews
A5: SkillBridge Interns | B5: 18500 | C5: 9200 | D5: =B5+C5 -> 27700 | E5: 5 | F5: 4.2 | G5: 310
A6: CodeNest Virtual | B6: 7800 | C6: 12400 | D6: =B6+C6 -> 20200 | E6: 3 | F6: 4.5 | G6: 180
A7: TechPulse Academy | B7: 25000 | C7: 15000 | D7: =B7+C7 -> 40000 | E7: 7 | F7: 4.6 | G7: 520

Sheet Summary
A1: Benchmark Summary
A2: All values are formulas that update when you edit the Pricing and Engagement sheets.
A4: Metric | B4: Value | C4: Competitor
A5: Average total cost (PKR) | B5: =AVERAGE(Pricing!D5:D7) -> 3333.3333
A6: Lowest total cost (PKR) | B6: =MIN(Pricing!D5:D7) -> 1500 | C6: =INDEX(Pricing!A5:A7,MATCH(MIN(Pricing!D5:D7),Pricing!D5:D7,0)) -> SkillBridge Interns
A7: Highest total cost (PKR) | B7: =MAX(Pricing!D5:D7) -> 5500 | C7: =INDEX(Pricing!A5:A7,MATCH(MAX(Pricing!D5:D7),Pricing!D5:D7,0)) -> TechPulse Academy
A8: Average domains offered | B8: =AVERAGE(Pricing!G5:G7) -> 8
A9: Average duration (weeks) | B9: =AVERAGE(Pricing!H5:H7) -> 6
A10: Average tasks | B10: =AVERAGE(Pricing!I5:I7) -> 7.6666667
A11: Average total followers | B11: =AVERAGE(Engagement!D5:D7) -> 29300
A12: Most followers | B12: =MAX(Engagement!D5:D7) -> 40000 | C12: =INDEX(Engagement!A5:A7,MATCH(MAX(Engagement!D5:D7),Engagement!D5:D7,0)) -> TechPulse Academy
A13: Average rating (out of 5) | B13: =AVERAGE(Engagement!F5:F7) -> 4.4333333
A14: Highest rating | B14: =MAX(Engagement!F5:F7) -> 4.6 | C14: =INDEX(Engagement!A5:A7,MATCH(MAX(Engagement!F5:F7),Engagement!F5:F7,0)) -> TechPulse Academy
A15: Competitors with free program fee | B15: =COUNTIF(Pricing!B5:B7,0) -> 1
A16: Competitors offering a LOR | B16: =COUNTIF(Pricing!E5:E7,"Yes") -> 3
